variant,refCoverage,refSelectiveAccuracy,refConservativeAccuracy,fracAllCancerLike,fracAllHealthyLike,fracAllUncertain,fracNaTCancerLike,fracNaTHealthyLike,fracNaTUncertain
baseline_only,1,1,1,0.666666666666667,0.285714285714286,0.0476190476190476,0.636363636363636,0.272727272727273,0.0909090909090909
prototype_only,1,1,1,0.333333333333333,0.333333333333333,0.333333333333333,0,0.363636363636364,0.636363636363636
equal_weight_fusion,1,1,1,0.476190476190476,0.285714285714286,0.238095238095238,0.272727272727273,0.272727272727273,0.454545454545455
locked_fusion_no_unc_gate,1,1,1,0.619047619047619,0.285714285714286,0.0952380952380952,0.545454545454545,0.272727272727273,0.181818181818182
locked_arbiter_2ch,1,1,1,0.380952380952381,0.285714285714286,0.333333333333333,0.0909090909090909,0.272727272727273,0.636363636363636
